fT (L=5.5e-07) X,fT (L=5.5e-07) Y,fT (L=6.5e-07) X,fT (L=6.5e-07) Y,fT (L=7.5e-07) X,fT (L=7.5e-07) Y,fT (L=8.5e-07) X,fT (L=8.5e-07) Y,fT (L=9.5e-07) X,fT (L=9.5e-07) Y,fT (L=1.05e-06) X,fT (L=1.05e-06) Y,fT (L=1.15e-06) X,fT (L=1.15e-06) Y,fT (L=1.25e-06) X,fT (L=1.25e-06) Y,fT (L=1.35e-06) X,fT (L=1.35e-06) Y,fT (L=1.45e-06) X,fT (L=1.45e-06) Y,fT (L=1.55e-06) X,fT (L=1.55e-06) Y,fT (L=1.65e-06) X,fT (L=1.65e-06) Y,fT (L=1.75e-06) X,fT (L=1.75e-06) Y,fT (L=1.85e-06) X,fT (L=1.85e-06) Y,fT (L=1.95e-06) X,fT (L=1.95e-06) Y
25.24685435895444,72.30540063588917,25.20832651708639,52.66453811889768,25.2301315195517,40.2600529065571,25.27764526523894,31.42772886796779,25.33144774454511,25.79212466061628,25.38596008928944,21.89146728538581,25.4387073978473,19.0289618345519,25.46614074251024,16.09415241219243,25.47284073027691,13.31949489704339,25.48184702746124,11.26188975677084,25.49226481135209,9.688252104749207,25.50350570486372,8.453753314245038,25.51517795498578,7.464474487933664,25.52701870989185,6.657276943204366,25.53885115109205,5.988389093555453
25.642330772231,265.8961008463455,25.60097784791466,193.5922554108587,25.62099174311101,148.3364618505209,25.66782069205284,116.189211093326,25.72047403724256,95.68874158236649,25.77362886134584,81.49244766450849,25.8249407092941,71.06210101431091,25.85250017285021,60.2189797936463,25.86057820559322,49.88317117602396,25.87062229923636,42.21751985053636,25.88181807390729,36.35327352139061,25.89363581820519,31.75106090313997,25.90572736743586,28.06131091990492,25.91786278380561,25.04911263954309,25.92989045712179,22.55165440536616
25.99810858160691,994.2386049744358,25.95475699603034,723.4105283170063,25.97347164677462,555.4808018959807,26.01986345699226,436.531298979926,26.07162405125764,360.727537238355,26.1236736907105,308.2152490351499,26.17379280887774,269.5923158413145,26.20146868104829,228.8898459374161,26.21071435646262,189.7810703524779,26.22163212051006,160.7710739152727,26.23347789392192,138.5715523829106,26.2457730678005,121.1424289654874,26.25820732878013,107.1621997795922,26.27057923642049,95.74313287418558,26.28275894418684,86.2700990768049
26.3201572875441,3774.191601051428,26.27548038984711,2743.79445486959,26.29329683893944,2111.045055020616,26.33944731163884,1664.302815764571,26.39052264272369,1379.820881370364,26.44167321117828,1182.698237632789,26.49079857085822,1037.576052413475,26.51858636169788,882.5661535337729,26.52883365778016,732.4599764679422,26.54049653159245,621.0930466795126,26.55289287080797,535.8426840338524,26.56558897422325,468.8829419124125,26.57830769706438,415.1467637341191,26.59087250415462,371.2313745208699,26.60317252124765,334.7793655193991
26.613313125251,14524.53936946717,26.56783543904628,10548.75010667577,26.58506674285663,8131.325449119686,26.63112598234379,6430.650764626303,26.68167820549066,5348.577919255352,26.73209206989237,4598.667938455984,26.78038091254593,4046.109488688652,26.80827731743275,3447.953754348625,26.81939549863817,2864.267457978107,26.83170248660941,2431.119492582332,26.84457152308703,2099.430275350089,26.8576088851301,1838.789326699055,26.87056686522914,1629.515050137635,26.88329096990492,1458.393907922233,26.89568707229824,1316.273141209138
26.88131737941995,56596.66154528563,26.8354404661399,41059.69613097374,26.85232365285782,31707.01410457921,26.89840400223793,25152.78295238779,26.94855171247519,20986.31506920908,26.99834562762733,18098.58887964148,27.04590925013596,15969.17060509841,27.07391104068413,13633.0716647634,27.08580622481814,11336.19963586746,27.09868399066012,9631.265076453852,27.11196864160447,8325.186862360661,27.12530312126489,7298.394208051315,27.13846659221674,6473.529853226333,27.15132459863999,5798.671006342509,27.16379818435902,5237.856319297334
27.12643874917099,223049.2932519207,27.08046190759014,161629.3510040758,27.09715591535154,125029.4781720944,27.14333202228954,99486.54271917079,27.19312889565436,83264.38967347052,27.24234020736404,72020.86326482675,27.28920232308482,63724.01318172856,27.31730453457857,54499.8325153813,27.3299507446773,45362.64206644565,27.34337405847786,38578.1850710647,27.35705118600107,33378.75002606399,27.37066215798971,29289.13812013009,27.38401300605094,26002.01317909734,27.39698912820113,23311.12814816167,27.409526487487,21073.65080376326
27.34736233356328,887962.3553100961,27.30148458384744,642664.0369136897,27.31800905875804,497971.8536538473,27.36428397875281,397433.1909553333,27.41360065605593,333641.8239694375,27.46202082874704,289428.9700903158,27.50792099241564,256781.5933419606,27.53610523908674,220003.942498925,27.54968525818584,183305.8600904271,27.56377152400576,156047.0961810328,27.57791424989637,135146.9724097058,27.59184379372811,118699.3076707234,27.60540170657599,105471.5554935764,27.61849908833664,94636.67774675388,27.63109089246232,85621.94452023169
27.53020467950138,3563121.681032854,27.48448769059616,2575506.563364699,27.50042838847685,1998826.484437114,27.54654882534098,1599999.146259947,27.59455147567718,1347139.1638061,27.64101181859609,1171869.625562652,27.68457159267616,1042351.969401714,27.71273845011092,894634.8511985436,27.72821043336688,746224.0237277886,27.74359879496208,635926.4066438929,27.75862489459865,551307.0675071721,27.77313215345256,484672.352362783,27.78703957143816,431047.4597567536,27.8003129159941,387094.0605191034,27.81294671107681,350500.0506562117
27.6129513346287,14321306.83590688,27.56723807444284,10336998.47023841,27.5805656770559,8033224.713164092,27.62519678395583,6448340.263512549,27.66824013707468,5443407.233628903,27.70777823600309,4746309.761664159,27.7432259766955,4230518.840328573,27.77085576712041,3637125.720359709,27.7920512973809,3037914.199851472,27.81129906760381,2592067.003073493,27.8288757860268,2249650.175118101,27.84498688338426,1979738.723993994,27.85979639002927,1762319.585459454,27.8734412259425,1583953.176353771,27.8860386890502,1435325.114879147
27.3635673333962,56393218.45194948,27.31777890152442,40626722.37422888,27.32127501935916,31586314.36109746,27.35920413368108,25408998.83365068,27.38426071967248,21478743.64020533,27.39954792484682,18743326.69005185,27.40707827790425,16712636.68341975,27.43195662679402,14388403.95384475,27.47122520772268,12044776.03442754,27.50256216543925,10295338.57711302,27.5280022997862,8948163.00540407,27.54890920531614,7883856.990074741,27.5662368157331,7024878.975856803,27.58067688854514,6319001.922701975,27.59274638477457,5729938.424918285
26.16710412142418,202917228.6215341,26.1251159412007,145689979.4727973,26.10583827214737,113019124.2884912,26.12664682906501,90923735.03514981,26.10893036669625,76704395.06154922,26.06852734325291,66719996.83313555,26.01413794397684,59256966.61719537,26.03133523222483,51035233.71785854,26.10734513457548,42890594.40415256,26.16327600474059,36763814.92812046,26.20446812763385,32016610.93524715,26.23457670205945,28247343.53868977,26.25618075327001,25192690.95793569,26.27114836777895,22673894.22460753,26.28086375980229,20565918.81018203
23.54843450506895,586264919.5234627,23.52608299039917,418121997.2600314,23.49403959946089,322229388.4396478,23.50390483020291,258338683.2068247,23.45189986521901,216509338.2749977,23.36712407069548,186816734.9123929,23.26498089375804,164485002.8741529,23.27428008256019,141432913.1360224,23.37436130408754,119352345.2285077,23.44577623106386,102570466.2381749,23.49597433286913,89460984.33980976,23.53017987478371,78984287.90205811,23.55214820234731,70449712.47265631,23.56463614377509,63383090.65312928,23.56970446483414,57449541.00386482
20.02795727298512,1262450068.261577,20.03737890565055,892297947.659808,20.00630235004468,680944192.6466279,20.01128284415261,542486355.6267725,19.93918483546618,450149002.5581462,19.82695105325879,383946524.6506689,19.69422739832165,333957618.8785959,19.69542292966014,286157994.0870544,19.80589965486729,242362089.4667749,19.88278092374874,208687766.2878026,19.93481465392257,182146506.8881373,19.96817740499806,160789048.8431605,19.98732571213251,143298539.7392856,19.99553629027557,128758082.0656558,19.9952583500795,116512316.2713206
16.1939123138648,2146509414.040933,16.23410645783884,1509370086.956002,16.20934038849788,1142649523.715936,16.2056729131133,905061943.2127261,16.12786946331961,743953654.86207,16.01295751254252,627595903.8072073,15.88061939865562,539643027.0576277,15.87578086767803,460946273.3180192,15.97445528290465,391811050.7532247,16.04220646091997,338048424.9793621,16.08694728982314,295299889.3178912,16.11435666433313,260665945.3446701,16.12858085561304,232154523.3188942,16.13269370154973,208358400.9135112,16.12900504105191,188259161.719242
12.88975314506543,3167304507.437149,12.95458993902728,2228400575.471513,12.94522840542919,1680773815.132819,12.94012279931785,1326884605.564354,12.87694344033196,1084136942.35843,12.78533180466839,908032027.7961168,12.68094999270828,774917810.0115129,12.67545085556993,660693394.6214046,12.74976022487065,563134694.4867887,12.80022478196475,486633879.5477546,12.83294364820805,425410646.6169923,12.85231202105577,375560537.0717609,12.86154783999476,334365760.8253915,12.86304049086833,299884772.6320642,12.85858641393275,270698824.0299144
10.39062276291027,4271228132.290293,10.47409733030659,3018533955.705456,10.48102012629701,2275725850.278421,10.47933434171967,1794090357.679263,10.43436202639877,1461066712.886225,10.36825652586868,1218693755.607882,10.29268464780102,1035440299.933755,10.28917908881571,882058146.6435478,10.34345121062045,753299252.6279089,10.37995357846404,651731982.5605788,10.40328085637768,570076213.1569728,10.41673260576675,503356068.297148,10.42271707947549,448073357.9489418,10.42301726008061,401707888.7662554,10.41896992615951,362404841.0967323
8.547824135100143,5403305165.692325,8.644901847628288,3844852571.369778,8.665694633251801,2903492802.696663,8.669253496864062,2288887894.760658,8.639942831874798,1861253958.000668,8.594413095097066,1549132342.718218,8.541432442561076,1312955994.6971,8.540866056985637,1118260222.582546,8.581930387301844,956534687.9739721,8.609396777044461,828375895.897348,8.626828203346568,724979562.8215299,8.636769020608567,640268810.8803256,8.641067335726108,569936567.6772538,8.641085658345386,510858795.0725322,8.63784169971858,460723146.3634667
7.170906900284643,6518722752.298202,7.277011984366847,4676870918.308586,7.308818661554733,3542529069.977153,7.318012308367348,2795254986.579979,7.30128583631268,2272447664.966262,7.271496053410679,1889749436.231111,7.235435842753619,1599783277.65137,7.238080280547559,1363005155.15953,7.271055917162184,1167569354.270799,7.293147373593097,1012086221.093147,7.307237265660868,886267222.076977,7.315373806259561,782948351.8411866,7.319038248278435,697015348.7077643,7.319318483624309,624736591.063394,7.317024385866797,563336338.491529
6.118884804151369,7586495539.875626,6.229787599328609,5491335862.929838,6.269883383126588,4175817392.014381,6.284365014001558,3300441182.538249,6.277619276640703,2684850351.296337,6.259865466866649,2232843881.784204,6.23653828599492,1889746523.873924,6.242345156024057,1611253683.658978,6.270563029296283,1382224599.760518,6.289655771755346,1199346864.400398,6.302051943293517,1050942160.714614,6.309472276093042,928810895.7552222,6.313158008276727,827059722.3342983,6.314018684920161,741364531.9571105,6.312730068504242,668493985.5280898
5.29725439034704,8588381136.276772,5.409211947813719,6272103865.833379,5.455087014470887,4790780841.574116,5.474090525728182,3794782821.985943,5.475173931284807,3090901403.985399,5.466660013332674,2572392187.267115,5.453015117179931,2177965603.070984,5.461740912726315,1859006074.577683,5.487262223910941,1597190393.935692,5.504824027398394,1387383707.712038,5.516538518150472,1216651616.30983,5.523902794060057,1075839148.024587,5.527996876431941,958322804.8745176,5.529612177876801,859216286.8805794,5.529336704044681,774851637.2159522
4.642933501571617,9515910548.765514,4.752999769254407,7009212430.681665,4.802451747539405,5378818770.15651,4.825011275988424,4271341540.371397,4.832113298975703,3484972688.156711,4.830664349812481,2903783042.271389,4.824409471133247,2460620129.062385,4.835681327227068,2103079126.583951,4.859724642219019,1809807581.437865,4.87661879660981,1573956812.903915,4.888239915485753,1381491674.783484,4.895922557618622,1222400125.544338,4.90063238858931,1089391770.530916,4.903078872143885,977059474.6808234,4.90379036717074,881326114.1705436
4.112887672161198,10367053349.99323,4.218990877857393,7697416670.767689,4.270223203735299,5934584369.982074,4.295359959626081,4725466219.724174,4.306969011241817,3863081767.571564,4.310864741781865,3223616383.411732,4.310233771114592,2734800170.37219,4.32361627767942,2340983626.156202,4.346860248798701,2017955458.877428,4.363555982653692,1757254223.243386,4.375391605412877,1543906440.11482,4.383575089801205,1367149762.213851,4.388985054198191,1219098069.151219,4.392270032585588,1093871537.169878,4.393915093364926,987016921.193913
3.677085634524366,11143835272.83574,3.777888400107266,8334848665.476659,3.829504796183306,6455213162.503881,3.856331485330128,5154315958.349835,3.871208326915496,4222589519.730023,3.879084968000504,3529506863.735675,3.882701718872093,2998375520.757669,3.897753356621569,2570832926.970151,3.920547181650716,2219982966.291002,3.937270475316639,1935836893.829077,3.949452538546245,1702641226.423668,3.95819640029625,1508991202.600479,3.964309933049342,1346479113.059198,3.968393161327306,1208803946.895304,3.970897422440058,1091172548.246995
3.314072736320143,11850598046.16178,3.40881569086504,8921971765.143154,3.45977679619067,6939694831.418882,3.487543431642243,5556465634.630765,3.504690573489531,4561947824.644453,3.51546962983972,3819920156.205907,3.522255758474323,3249888163.375854,3.538558912811847,2791268339.0804,3.561051307939719,2414652732.453962,3.577880666474281,2108595670.826452,3.590435126341842,1856708916.353353,3.599725377603631,1647047990.852207,3.606497869214765,1470756375.41806,3.61131117747495,1321163782.569927,3.614588340744917,1193174490.699182
3.008168966679932,12492724339.28018,3.096530678691154,9460720726.173563,3.146102861092155,7388333203.792642,3.17421112956412,5931558903.53211,3.192843091346002,4880472683.233239,3.205678680763191,4094022729.703755,3.214789698374805,3488452064.916489,3.231967887593322,3001392333.724318,3.254188340430954,2601094377.985713,3.271113700534794,2274716394.015651,3.284002843880301,2005362477.794831,3.293781846479509,1780641684.727738,3.301141022259744,1591316811.032106,3.306601283485642,1430398149.349465,3.310560172936851,1292524087.637185
2.747681180318885,13075787964.52014,2.829657597957567,9953832098.567654,2.877358827963843,7802287642.324637,2.905356125353529,6279994790.413737,2.924869319637887,5178127513.951946,2.939106372108113,4351529963.37888,2.949884749377528,3713645418.943591,2.967612397507909,3200694084.058619,2.989525488144951,2778753694.38214,3.006487756934939,2433643936.084874,3.019638327579876,2148068390.68113,3.02982418586162,1909271284.641675,3.037682849253155,1707696218.99299,3.04369966851378,1536080228.630889,3.048248069766899,1388830514.292221
2.523738452318256,13605051293.8303,2.599543229960996,10404364527.99332,2.645090192056665,8183209707.950048,2.672652123030123,6602660985.765286,2.69259468897455,5455326811.645102,2.707733650226315,4592560455.882997,2.719672136711459,3925401460.463196,2.737678153662763,3388969983.759049,2.759219287275548,2947336243.045403,2.77613708133644,2585041371.236859,2.789459758903316,2284476379.555549,2.799960027346927,2032590205.16872,2.808225219515026,1819561228.662542,2.814706528993901,1637894776.453916,2.819754002669279,1481798772.244225
2.329512867255168,14085213797.98675,2.399498612328196,10815383756.70305,2.442758674598383,8532975843.762146,2.469666848961507,6900723099.589575,2.489709921140618,5712771306.076486,2.505376322128591,4817507045.519421,2.51808803886494,4123907141.812097,2.53615462741583,3566246372.021272,2.55725241745604,3106750212.746467,2.574039460648117,2728747269.194945,2.587441970278769,2414386992.25829,2.598163190995626,2150381206.56743,2.606742809212264,1926689538.793815,2.613599128687303,1735622242.741333,2.619059379769681,1571216683.703755
2.15968386234994,14520324261.86525,2.224282628892381,11189775423.08216,2.265232904045563,8853504780.489952,2.291352583616916,7175469917.426264,2.311264433315762,5951319748.781633,2.327182851433073,5026931484.044076,2.340376512195702,4309516802.593407,2.358334729951279,3732710671.324543,2.378923879904587,3257053267.464457,2.395499540952672,2864734638.205802,2.408894948179622,2537719656.198997,2.419748930271377,2262531257.670084,2.428556264459978,2028949861.886127,2.435703767739758,1829122529.305062,2.441496492088454,1656941538.170319
2.010060922754568,14913790081.55945,2.069741045605126,11530148878.33666,2.10843522139427,9146642523.021185,2.133695305533806,7428207685.446249,2.153319213846139,6171896038.943948,2.169291458979059,5221484495.980157,2.182750897062038,4482684015.050044,2.200474408372352,3888654600.669035,2.22050207039475,3398406737.660991,2.236796971934257,2993074267.479993,2.250108372477249,2654483359.298983,2.261015926257893,2369007982.599282,2.269972481466096,2126282856.386787,2.277334992351421,1918319400.516895,2.283387147838785,1738887204.739619
1.877312253466246,15268438063.13256,1.932548232485609,11838801470.08346,1.969090716123099,9414097259.306667,1.993467030832965,7660193315.053735,2.012703105439812,6375426412.85745,2.028590385794867,5401848979.350851,2.042157850323438,4643911217.414836,2.05955603357552,4034430335.412758,2.078983954998017,3531038628.91518,2.09494221492184,3113904024.503676,2.108104831237053,2764751354.215805,2.118997576388869,2469838851.807547,2.128034522613732,2218683968.398719,2.135544586299507,2003186264.273571,2.14179109644068,1817012268.368963
1.758766213866813,15586597462.76531,1.810018590886649,12117720331.26786,1.844544940851421,9657408883.751553,1.868046877562916,7872596215.984268,1.886837550924757,6562799965.354277,1.902546209800026,5568702101.877472,1.916108948722956,4793714607.488154,1.933120173915631,4170418503.4228,1.951924351031555,3655215324.966117,1.967503687753071,3227404467.943443,1.980465218778958,2868640436.109301,1.991286019954831,2565093696.537147,2.00034460529845,2306188711.047666,2.007943812171657,2083733768.095797,2.014327764179746,1891309545.897828
1.652263800903392,15870187344.01399,1.699966472400347,12368605366.46953,1.732628943529797,9877941075.100622,1.755289055213519,8066479846.474589,1.773607753068166,6734845990.615626,1.789078056008257,5722691589.527292,1.80255769419132,4932600949.842035,1.81914325212877,4297005911.671003,1.837312294294377,3771220886.688507,1.852482915657901,3333780292.930607,1.865202813783045,2966294663.641263,1.87590531674555,2654870602.806427,1.884936558561062,2388860522.60708,1.892575313128834,2159999377.195669,1.89904775089113,1961797141.761305
1.556047614250502,16120797887.71135,1.600600555340695,12592902275.73313,1.631557666614409,10076886973.04135,1.653423695340888,8242795974.408085,1.671266094728645,6892322674.638165,1.686463517972883,5864421956.360592,1.699807742343253,5061053009.16837,1.715946643013627,4414570651.130928,1.733479629196263,3879342435.160444,1.748222546905131,3433246678.861531,1.760670724543725,3057872978.383654,1.771218369959999,2739284885.31909,1.78018229500479,2466781054.077628,1.787819214365368,2232038873.028874,1.794338641812745,2028511029.594243
1.46867732338707,16339760287.13562,1.510443162059964,12791838261.56823,1.53985236726281,10255282084.97899,1.56098120062949,8402386498.619423,1.578358535166479,7035912955.538374,1.593267043858209,5994447269.737463,1.606443141662871,5179520837.814806,1.622127819033335,4523472434.721792,1.639032110442544,3979860082.337315,1.653337293455896,3526019471.348117,1.665492606681262,3143539996.256457,1.675857400297815,2818460656.033153,1.684722048389858,2540042566.491055,1.692323148313486,2299919563.77072,1.698854853581063,2091499024.282148
1.388964673887733,16528203144.15304,1.428267927378571,12966455852.82424,1.456280648026267,10414020087.54696,1.476733784320284,8545989244.959066,1.493667740829709,7166224568.236518,1.508284619445493,6113267950.698093,1.521274474045506,5288416812.693227,1.536507328942024,4624046440.738385,1.552796578039176,4073040070.264452,1.566661184738435,3612308190.947491,1.578509913608988,3223459228.638052,1.588671142300072,2892524447.777661,1.597411489473591,2608742048.875206,1.604949281253838,2363714927.09365,1.611464574767384,2150815943.158744
1.315923092665253,16687095416.95521,1.353051171562572,13117642338.17071,1.379809607415104,10553868759.33064,1.399649798758253,8674245386.884581,1.41616864446861,7283792281.766649,1.430500526690525,6221329909.113452,1.443296744591877,5388112957.803782,1.458087408581217,4716599401.309363,1.473779860920472,4159130074.263533,1.487206667979316,3692311031.751553,1.498741116137307,3297788078.307086,1.508684125908214,2961600388.790681,1.517281030246546,2672976672.781179,1.524733615642256,2423500394.205568,1.531209052915864,2206519736.103174
1.248728329050106,16817277404.45412,1.283933645974213,13246153879.23545,1.309568904826379,10675484532.42817,1.328857722601975,8787707114.139217,1.344993386028384,7389081126.188907,1.359053210329379,6319024967.186732,1.371656121453072,5478939636.088362,1.386019313352814,4801407111.947966,1.401136415407193,4238355943.268373,1.414132483200673,3766211233.548033,1.425349751643482,3366674102.454954,1.435064848356903,3025806518.464733,1.443504078642831,2732840257.624579,1.450854298294295,2479350018.715728,1.457270935770756,2258668383.851762
1.186687521322658,16919482451.83376,1.220190223190706,13352634741.6723,1.244821412047801,10779425265.62738,1.263617535477592,8886845025.392912,1.27940343022023,7482490085.548049,1.293208113003363,6406692086.065879,1.305623445998622,5561185169.137513,1.319577302283971,4878712938.111731,1.334142587113463,4310919471.346156,1.346718156968067,3834174460.0523,1.357619104129584,3430252223.190548,1.367100599688899,3085251974.632338,1.375371975061642,2788420524.449831,1.382606640173876,2531333850.120461,1.388949352848364,2307317420.441217
1.129214748834444,16994353631.83687,1.161205734063441,13437633630.04837,1.184939733888558,10866162095.12758,1.203297803770117,8972055670.296139,1.218767233495234,7564356475.703363,1.232335902128789,6484619510.301474,1.244572984713838,5635096442.568782,1.258137763671943,4948727321.218682,1.272175971227728,4376997155.535528,1.284343568613552,3896347115.357222,1.294931945212414,3488642810.948831,1.304177348485862,3140034981.191439,1.312273995812291,2839797075.909665,1.319383214317502,2579515961.147508,1.325640088555436,2352518040.885609
1.075811610354729,17042462490.46953,1.106455601537967,13501621454.89778,1.129387312122347,10936093051.29985,1.147357222146567,9043671057.640724,1.162542240566715,7634962306.973935,1.175894905869995,6553048806.479643,1.187965276801566,5700881258.644237,1.201162356368414,5011628879.35386,1.214698744506633,4436740400.902122,1.226472455593242,3952855960.875041,1.23675419220455,3541950930.710644,1.245763531588049,3190241873.027702,1.25368125449308,2887040300.676418,1.260657850808258,2623953298.66046,1.266819654970732,2394315942.500453
1.026051719700996,17064342353.52801,1.055490243926329,13545018934.02288,1.077703137288907,10989564225.11275,1.095329658937622,9101974304.417646,1.110260284632301,7694545769.260456,1.123416859309359,6612183235.515821,1.135333205409049,5758714386.243325,1.148184312440655,5067568686.184029,1.161244120382029,4490278468.815865,1.172639010532578,4003810105.384083,1.182621633433857,3590267647.89695,1.191396893096828,3235947915.628227,1.199133640339829,2930211848.202034,1.20597266102898,2664695914.279269,1.212032389797322,2432751383.155441
0.97956826929333,17060558120.211,1.007922457489935,13568249303.65063,1.029489319742134,11026909422.79805,1.046811976039421,9147229542.367702,1.06151568163976,7743324064.399926,1.07449527080373,6662205366.159438,1.086270621833828,5808751267.699673,1.098797244809201,5116680976.340891,1.111405278164175,4537726862.376459,1.12243692544069,4049307625.979275,1.132129078125163,3633675303.508198,1.140673729651095,3277221547.708856,1.14822914860837,2969368072.886817,1.154927443307166,2701789785.39253,1.160879928112815,2467861511.187367
0.936044007046281,17031847396.63216,0.9634171652945409,13571840815.59047,0.9844009397471294,11048526311.23579,1.001454059464693,9179739643.298897,1.015955470235028,7781538108.400187,1.028775874878216,6703312298.366932,1.040423003133251,5851156177.517193,1.052645951032896,5159105881.198359,1.064826264326393,4579205820.929866,1.075510386299618,4089450755.049032,1.084921437577343,3672260102.58255,1.093240050648312,3314134911.040659,1.100615112248099,3004568918.24478,1.107170978747481,2735284371.517732,1.113012555517043,2499686840.458611
0.8952031196150474,16979374276.5399,0.9216830534448395,13556608747.9056,0.9421377232655863,11055011087.18544,0.9589506211906077,9199948596.415648,0.973271370692247,7809532316.197666,0.9859487563823878,6735779104.397123,0.9974797383517316,5886153514.015366,1.009418816357659,5195031398.331594,1.02119447441983,4614874958.435197,1.031546631247191,4124374739.15704,1.040686354586921,3706136373.254778,1.048784273091469,3346784414.239501,1.055980956314117,3035895484.81329,1.062393839616713,2765247731.644099,1.068122065267904,2528284345.95835
0.8568046276975146,16905101836.6631,0.8824657185861029,13523922595.09754,0.9024371867874431,11047356628.29904,0.9190344276169155,9208592841.203955,0.9331931286728995,7827873181.385575,0.9457418209366887,6760053700.155269,0.9571677264926475,5914105022.589823,0.9688415049791327,5224757029.665605,0.9802344085826714,4644986159.294539,0.9902697690098186,4154292215.431561,0.9991480810139045,3735484116.461164,1.007031153645616,3375322759.127322,1.014052179791834,3063477546.79388,1.020322416455161,2791790326.908099,1.025935826541824,2553748182.8663
0.8206369855913151,16812148201.96165,0.8455420300016283,13475965036.39447,0.8650689690851369,11027146971.0361,0.8814706825545292,9206851631.357981,0.8954829805536947,7837468359.448604,0.9079153559634282,6776853035.133428,0.9192460370064512,5935588783.257366,0.9306716946876722,5248759356.707627,0.941702458688026,4669938414.139096,0.9514356183609736,4179539468.545298,0.9600623668008649,3760588342.12692,0.9677367234853054,3399992642.325583,0.9745853323610635,3087522626.622674,0.9807139330285013,2815090264.618287,0.9862118341561471,2576231735.040842
0.786513643878443,16704749303.75593,0.8107154714378171,13415717115.51194,0.8298301256617006,10996553965.4087,0.8460523487806857,9196349809.297453,0.859931031705601,7839572265.12248,0.8722574799718081,6787169872.554097,0.8835014357835923,5951406333.732103,0.8946946613281472,5267698889.558787,0.9053825356397514,4690284066.83317,0.9148273790833231,4200582058.10562,0.9232121727980817,3781844107.505752,0.9306840400450177,3421131255.899144,0.9373638018170887,3108320015.504426,0.9433522662517054,2835396895.119153,0.9487345580827536,2595950840.110826
0.7542693856781303,16587426644.58406,0.7778122761017281,13346381252.90494,0.7965412069432842,10957921867.03031,0.8125962358616006,9178848759.503056,0.8263513814729222,7835548874.942141,0.8385803190813623,6792086092.318731,0.8497446200698753,5962432632.805099,0.860719559291245,5282297351.089554,0.8710823845957053,4706627102.375847,0.8802519836474072,4217929588.594482,0.8884040579651492,3799684406.187902,0.8956796075427561,3439108751.125009,0.9021942652520037,3126187857.203001,0.9080444253325698,2852984992.908788,0.9133114480319107,2613143866.914661
0.723757286915759,16463610159.86732,0.7466782061833197,13270409868.5432,0.765042976868363,10913057002.94738,0.7809397161266034,9155709983.294762,0.7945788616407662,7826454686.373374,0.8067167819035393,6792440713.64132,0.8178070371342878,5969346571.147901,0.8285762752059493,5293115521.60252,0.8386304665354976,4719437958.127542,0.8475370091120871,4231979756.721817,0.8554651214500752,3814447643.386924,0.862550347723217,3454214708.252838,0.8689036863533451,3141375179.780626,0.8746175733644579,2868069658.633146,0.8797699771573856,2627997352.406228
