selfgain (L=5.5e-07) X,selfgain (L=5.5e-07) Y,selfgain (L=6.5e-07) X,selfgain (L=6.5e-07) Y,selfgain (L=7.5e-07) X,selfgain (L=7.5e-07) Y,selfgain (L=8.5e-07) X,selfgain (L=8.5e-07) Y,selfgain (L=9.5e-07) X,selfgain (L=9.5e-07) Y,selfgain (L=1.05e-06) X,selfgain (L=1.05e-06) Y,selfgain (L=1.15e-06) X,selfgain (L=1.15e-06) Y,selfgain (L=1.25e-06) X,selfgain (L=1.25e-06) Y,selfgain (L=1.35e-06) X,selfgain (L=1.35e-06) Y,selfgain (L=1.45e-06) X,selfgain (L=1.45e-06) Y,selfgain (L=1.55e-06) X,selfgain (L=1.55e-06) Y,selfgain (L=1.65e-06) X,selfgain (L=1.65e-06) Y,selfgain (L=1.75e-06) X,selfgain (L=1.75e-06) Y,selfgain (L=1.85e-06) X,selfgain (L=1.85e-06) Y,selfgain (L=1.95e-06) X,selfgain (L=1.95e-06) Y
25.24685435895444,230.9393733753107,25.20832651708639,274.6033460939011,25.2301315195517,315.4575941141018,25.27764526523894,354.3679351234731,25.33144774454511,393.1941015428038,25.38596008928944,432.0492451547352,25.4387073978473,471.0348045273873,25.46614074251024,502.3649520429677,25.47284073027691,524.5976810278897,25.48184702746124,545.2840461478698,25.49226481135209,564.5995446154577,25.50350570486372,582.6937088838855,25.51517795498578,599.6945734478555,25.52701870989185,615.7123215316602,25.53885115109205,630.8422546528753
25.642330772231,231.5634363469002,25.60097784791466,275.4472497610529,25.62099174311101,316.4796090393785,25.66782069205284,355.5091892115272,25.72047403724256,394.4482861197575,25.77362886134584,433.4114704486713,25.8249407092941,472.501212345373,25.85250017285021,504.023987395427,25.86057820559322,526.541716066974,25.87062229923636,547.513308200151,25.88181807390729,567.1126000820321,25.89363581820519,585.4879192661608,25.90572736743586,602.7664357829231,25.91786278380561,619.057723017586,25.92989045712179,634.456663443808
25.99810858160691,232.1099245038578,25.95475699603034,276.1879402333422,25.97347164677462,317.3778599632074,26.01986345699226,356.5129178566422,26.07162405125764,395.5519883863982,26.1236736907105,434.6108807446196,26.17379280887774,473.7929663129087,26.20146868104829,505.4860310998101,26.21071435646262,528.2556478223294,26.22163212051006,549.4796136488631,26.23347789392192,569.3302930485252,26.2457730678005,587.9549384863748,26.25820732878013,605.4799420084004,26.27057923642049,622.0143220085835,26.28275894418684,637.6525737091931
26.3201572875441,232.5926258591568,26.27548038984711,276.843570252314,26.29329683893944,318.1739815994883,26.33944731163884,357.4030921365243,26.39052264272369,396.5313760236667,26.44167321117828,435.6757303160185,26.49079857085822,474.9403191820726,26.51858636169788,506.7851364566976,26.52883365778016,529.7791534315795,26.54049653159245,551.2281810452705,26.55289287080797,571.3032695797093,26.56558897422325,590.1507057031894,26.57830769706438,607.8961773238505,26.59087250415462,624.6481957116926,26.60317252124765,640.500897680267
26.613313125251,233.0222755644174,26.56783543904628,277.4282542811192,26.58506674285663,318.8847799216207,26.63112598234379,358.1983284414933,26.68167820549066,397.4067606216512,26.73209206989237,436.6279366100552,26.78038091254593,475.9667234111742,26.80827731743275,507.94770533733,26.81939549863817,531.1430198503889,26.83170248660941,552.7941229541789,26.84457152308703,573.0708837003835,26.8576088851301,592.1187160322504,26.87056686522914,610.0626674387776,26.88329096990492,627.0107841811134,26.89568707229824,643.0568708833401
26.88131737941995,233.4071049466969,26.8354404661399,277.9528252020682,26.85232365285782,319.5231533544564,26.89840400223793,358.9129148946477,26.94855171247519,398.1937169847275,26.99834562762733,437.4842809176375,27.04590925013596,476.8901023877557,27.07391104068413,508.9939199825987,27.08580622481814,532.3708289755249,27.09868399066012,554.2043758099353,27.11196864160447,574.6633617745517,27.12530312126489,593.8924082670269,27.13846659221674,612.0159779436469,27.15132459863999,629.1416894658256,27.16379818435902,645.3630392387895
27.12643874917099,233.7528406607153,27.08046190759014,278.4247988314982,27.09715591535154,320.0980066254772,27.14333202228954,359.5566899525263,27.19312889565436,398.9028886768733,27.24234020736404,438.2561091049428,27.28920232308482,477.7224178699398,27.31730453457857,509.9372394459012,27.3299507446773,533.4784556374675,27.34337405847786,555.4771853017546,27.35705118600107,576.1012604673191,27.37066215798971,595.4945804403555,27.38401300605094,613.78107265892,27.39698912820113,631.0679623093416,27.409526487487,647.448460182858
27.34736233356328,234.0608731680998,27.30148458384744,278.8458308461578,27.31800905875804,320.6110396786282,27.36428397875281,360.1313727741612,27.41360065605593,399.5357222125534,27.46202082874704,438.9443538854286,27.50792099241564,478.4638756638237,27.53610523908674,510.7778047855828,27.54968525818584,534.4667310752674,27.56377152400576,556.6139862969158,27.57791424989637,577.3865227219652,27.59184379372811,596.9275833304213,27.60540170657599,615.3606082050394,27.61849908833664,632.7924634372164,27.63109089246232,649.3160984280582
27.53020467950138,234.3195887858059,27.48448769059616,279.1998330587359,27.50042838847685,321.0418769159343,27.54654882534098,360.6136143764797,27.59455147567718,400.0648994739307,27.64101181859609,439.5168919655979,27.68457159267616,479.0767930885032,27.71273845011092,511.472696278888,27.72821043336688,535.2881399835088,27.74359879496208,557.5623789469006,27.75862489459865,578.4615808456724,27.77313215345256,598.1284078270676,27.78703957143816,616.6858723512703,27.8003129159941,634.2405286967439,27.81294671107681,650.885102369484
27.6129513346287,234.4698547226679,27.56723807444284,279.4058664343332,27.5805656770559,321.2892492496126,27.62519678395583,360.8879157915522,27.66824013707468,400.3569823005809,27.70777823600309,439.8192263261569,27.7432259766955,479.3827983456514,27.77085576712041,511.8188275501905,27.7920512973809,535.7151990356333,27.81129906760381,558.0693930121275,27.8288757860268,579.046940951958,27.84498688338426,598.7900603298932,27.85979639002927,617.4214582900661,27.8734412259425,635.0474862875013,27.8860386890502,651.7607428824309
27.3635673333962,234.2895753340116,27.31777890152442,279.1616622386562,27.32127501935916,320.9769929750593,27.35920413368108,360.5258294119275,27.38426071967248,399.9198220884323,27.39954792484682,439.2861432095783,27.40707827790425,478.7354272593352,27.43195662679402,511.0802537199358,27.47122520772268,534.9173989499031,27.50256216543925,557.2066969116854,27.5280022997862,578.1133627960708,27.54890920531614,597.7795180082361,27.5662368157331,616.3279137564066,27.58067688854514,633.8650354497644,27.59274638477457,650.4836728107051
26.16710412142418,233.2378845993112,26.1251159412007,277.7411277694069,26.10583827214737,319.2197059649958,26.12664682906501,358.5295056146209,26.10893036669625,397.6360038108735,26.06852734325291,436.6770346679041,26.01413794397684,475.7698170958441,26.03133523222483,507.7123154962389,26.10734513457548,531.1134298726439,26.16327600474059,552.9553659239883,26.20446812763385,573.4038218672681,26.23457670205945,592.6017048388429,26.25618075327001,610.6727090362218,26.27114836777895,627.7243288981672,26.28086375980229,643.8503729820955
23.54843450506895,231.4116464704456,23.52608299039917,275.3214544303978,23.49403959946089,316.3177619632282,23.50390483020291,355.2882294198774,23.45189986521901,394.0539010639449,23.36712407069548,432.7510326019041,23.26498089375804,471.4935581453831,23.27428008256019,502.9060674122215,23.37436130408754,525.6012693119065,23.44577623106386,546.7378661008619,23.49597433286913,566.4867434996524,23.53017987478371,584.9945612185049,23.55214820234731,602.3878006011205,23.56463614377509,618.7760509303878,23.56970446483414,634.2546946931625
20.02795727298512,230.5284930353124,20.03737890565055,274.2515794766317,20.00630235004468,315.1107231178162,20.01128284415261,353.9203538892537,19.93918483546618,392.5122739165627,19.82695105325879,430.9962504840564,19.69422739832165,469.4655610692274,19.69542292966014,500.6857732210902,19.80589965486729,523.3259577938048,19.88278092374874,544.416048365655,19.93481465392257,564.1331041801072,19.96817740499806,582.6276576773114,19.98732571213251,600.0284310855732,19.99553629027557,616.4461115709469,19.9952583500795,631.976387686503
16.1939123138648,230.3018141062358,16.23410645783884,274.0871241315752,16.20934038849788,314.8863897826503,16.2056729131133,353.4298284059563,16.12786946331961,391.6407457481053,16.01295751254252,429.618548960535,15.88061939865562,467.4497083994999,15.87578086767803,498.4551662979403,15.97445528290465,521.4215530736948,16.04220646091997,542.8563786177331,16.08694728982314,562.9345026797943,16.11435666433313,581.8045731172157,16.12858085561304,599.5936289719848,16.13269370154973,616.4108272190219,16.12900504105191,632.3504584128407
12.88975314506543,229.7832405604541,12.95458993902728,273.5063819389588,12.94522840542919,314.0332443025187,12.94012279931785,352.0294537695605,12.87694344033196,389.5411708186993,12.78533180466839,426.6707945599513,12.68094999270828,463.5075145556376,12.67545085556993,494.0189373811788,12.74976022487065,517.125072340304,12.80022478196475,538.7277130053653,12.83294364820805,558.9965656160583,12.85231202105577,578.0761854293238,12.86154783999476,596.0903237162481,12.86304049086833,613.1454694453979,12.85858641393275,629.3337290784431
10.39062276291027,228.6948714479619,10.47409733030659,272.1373428098037,10.48102012629701,312.1523666158591,10.47933434171967,349.3660039819115,10.43436202639877,385.9430800329326,10.36825652586868,421.9945036446452,10.29268464780102,457.6155953040544,10.28917908881571,487.3698504329748,10.34345121062045,510.3020993152334,10.37995357846404,531.7593045213606,10.40328085637768,551.9068929677042,10.41673260576675,570.8859232073984,10.42271707947549,588.8172769489714,10.42301726008061,605.8050753527316,10.41896992615951,621.9394594070149
8.547824135100143,227.02880973109,8.644901847628288,269.9939116813129,8.665694633251801,309.309930222865,8.669253496864062,345.585341467975,8.639942831874798,381.0833522099817,8.594413095097066,415.9255766575709,8.541432442561076,450.2146249499534,8.540866056985637,479.0295757014924,8.581930387301844,501.5247394639511,8.609396777044461,522.56991201175,8.626828203346568,542.3279626864363,8.636769020608567,560.9377436705655,8.641067335726108,578.5182370655798,8.641085658345386,595.1719259742619,8.63784169971858,610.9875339249079
7.170906900284643,224.8516757478741,7.277011984366847,267.191450450082,7.308818661554733,305.680230995869,7.318012308367348,340.9250572830475,7.30128583631268,375.2644477746993,7.271496053410679,408.8320142609612,7.235435842753619,441.7382908888757,7.238080280547559,469.5070908708555,7.271055917162184,491.3874003129671,7.293147373593097,511.8395765361226,7.307237265660868,531.0253218153555,7.315373806259561,549.0823442671256,7.319038248278435,566.1285355247009,7.319318483624309,582.2653546930384,7.317024385866797,597.5805714135457
6.118884804151369,222.2303069058539,6.229787599328609,263.839196064336,6.269883383126588,301.4180333575153,6.284365014001558,335.5824729588666,6.277619276640703,368.7249568809266,6.259865466866649,400.9923862832068,6.23653828599492,432.5038999466657,6.242345156024057,459.1731397512376,6.270563029296283,480.3313210303214,6.289655771755346,500.0813734934992,6.302051943293517,518.5846739215144,6.309472276093042,535.9784374313402,6.313158008276727,552.3799641555986,6.314018684920161,567.8900683354675,6.312730068504242,582.5958510578362
5.29725439034704,219.2164289500338,5.409211947813719,260.0186511108601,5.455087014470887,296.6360863492014,5.474090525728182,329.6975310738803,5.475173931284807,361.6303466983729,5.466660013332674,392.5961417975302,5.453015117179931,422.7234563964211,5.461740912726315,448.2737485043006,5.487262223910941,468.6504722417978,5.504824027398394,487.638601089093,5.516538518150472,505.3995417799359,5.523902794060057,522.0703029222096,5.527996876431941,537.7678166790876,5.529612177876801,552.592422308536,5.529336704044681,566.6306781945206
4.642933501571617,215.8472486143396,4.752999769254407,255.7880071299562,4.802451747539405,291.4138492891923,4.825011275988424,323.3672688938541,4.832113298975703,354.0937118122339,4.830664349812481,383.7709925115362,4.824409471133247,412.5379279995354,4.835681327227068,436.9703209587001,4.859724642219019,456.53604646973,4.87661879660981,474.7334421486641,4.888239915485753,491.7239324676419,4.895922557618622,507.6443175799983,4.90063238858931,522.6111629270309,4.903078872143885,536.7243327358129,4.90379036717074,550.0698389953852
4.112887672161198,212.1490292607907,4.218990877857393,251.1882386903064,4.270223203735299,285.8074288125987,4.295359959626081,316.6600211703056,4.306969011241817,346.1943516179199,4.310864741781865,374.605906045108,4.310233771114592,402.0446675768137,4.32361627767942,425.3723702751449,4.346860248798701,444.1152045482228,4.363555982653692,461.5115267296069,4.375391605412877,477.7225793627927,4.383575089801205,492.8847904425813,4.388985054198191,507.1142206732478,4.392270032585588,520.5101417092063,4.393915093364926,533.1579185701639
3.677085634524366,208.1423427345214,3.777888400107266,246.2494939444145,3.829504796183306,279.857538740258,3.856331485330128,309.6253764578649,3.871208326915496,337.9898642453634,3.879084968000504,365.1654488350993,3.882701718872093,391.3140928987383,3.897753356621569,413.5576243168552,3.920547181650716,431.4758427464942,3.937270475316639,448.0714690750238,3.949452538546245,463.5052226397106,3.95819640029625,477.9128952651393,3.964309933049342,491.409830959315,3.968393161327306,504.0945329257469,3.970897422440058,516.0515696969535
3.314072736320143,203.8454720680113,3.40881569086504,240.9961537778115,3.45977679619067,273.5958492611813,3.487543431642243,302.3016404605686,3.504690573489531,329.5246516571224,3.51546962983972,355.4992994694011,3.522255758474323,380.4001991733102,3.538558912811847,401.5842595828245,3.561051307939719,418.6813650237651,3.577880666474281,434.4823582969506,3.590435126341842,449.1469943613261,3.599725377603631,462.8100768743609,3.606497869214765,475.5859501184341,3.61131117747495,487.5721186888491,3.614588340744917,498.8521648864233
3.008168966679932,199.2761308812466,3.096530678691154,235.4497668472322,3.146102861092155,267.0488777257397,3.17421112956412,294.7203808234529,3.192843091346002,320.8350575705684,3.205678680763191,345.6479367568191,3.214789698374805,369.3467662447355,3.231967887593322,389.4982673461074,3.254188340430954,405.7797940329396,3.271113700534794,420.7945352280885,3.284002843880301,434.7008251009906,3.293781846479509,447.6320970000349,3.301141022259744,459.7013762948835,3.306601283485642,471.0049020296038,3.310560172936851,481.6250463187909
2.747681180318885,194.4523377003846,2.829657597957567,229.6307080052652,2.877358827963843,260.2402106129446,2.905356125353529,286.9089055173615,2.924869319637887,311.9520698379081,2.939106372108113,335.6455494289431,2.949884749377528,358.1904681142671,2.967612397507909,377.3373021908666,2.989525488144951,392.8089011782412,3.006487756934939,407.0459763102181,3.019638327579876,420.2050322816547,3.02982418586162,432.4177703651619,3.037682849253155,443.7955815615043,3.04369966851378,454.4331662774466,3.048248069766899,464.4114507358962
2.523738452318256,189.3928958592091,2.599543229960996,223.5591714457669,2.645090192056665,253.1918348034935,2.672652123030123,278.8916550339125,2.69259468897455,302.9027463867347,2.707733650226315,325.5214864879715,2.719672136711459,346.9623478596864,2.737678153662763,365.1325804947164,2.759219287275548,379.7989553526302,2.77613708133644,393.2659111937051,2.789459758903316,405.6878062480462,2.799960027346927,417.1943056219728,2.808225219515026,427.8948846696902,2.814706528993901,437.8824503746273,2.819754002669279,447.2362551303183
2.329512867255168,184.1176840300433,2.399498612328196,217.2558155004374,2.442758674598383,245.9250143567657,2.469666848961507,270.6910842465232,2.489709921140618,293.7110714330797,2.505376322128591,315.3010778437683,2.51808803886494,335.6886033736924,2.53615462741583,352.9099093267466,2.55725241745604,366.7743140800827,2.574039460648117,379.4770129366651,2.587441970278769,391.170016343204,2.598163190995626,401.9807310612078,2.606742809212264,412.0164917690677,2.613599128687303,421.3681945072912,2.619059379769681,430.1132134166351
2.15968386234994,178.6478392183199,2.224282628892381,210.742207933841,2.265232904045563,238.46093287632,2.291352583616916,262.3283301766759,2.311264433315762,284.398610711563,2.327182851433073,305.0062619107509,2.340376512195702,324.3911837798414,2.358334729951279,340.6904298328802,2.378923879904587,353.7545418438739,2.395499540952672,365.6969397154631,2.408894948179622,376.6672050763416,2.419748930271377,386.7903557604213,2.428556264459978,396.1714286903476,2.435703767739758,404.8991406267718,2.441496492088454,413.0488177023798
2.010060922754568,173.0058611884996,2.069741045605126,204.0411357283928,2.10843522139427,230.8211983182298,2.133695305533806,253.8237930777339,2.153319213846139,274.9851245196922,2.169291458979059,294.6562096672367,2.182750897062038,313.0884153136475,2.200474408372352,328.4913461050526,2.22050207039475,340.7553941018423,2.236796971934257,351.9396245320674,2.250108372477249,362.1912187872031,2.261015926257893,371.6327634029721,2.269972481466096,380.3669096021769,2.277334992351421,388.4800795534999,2.283387147838785,396.0454215025814
1.877312253466246,167.2156450150292,1.932548232485609,197.17680491454,1.969090716123099,223.028245199826,1.993467030832965,245.197668785417,2.012703105439812,265.4891820640684,2.028590385794867,284.2679955934648,2.042157850323438,301.7957148817801,2.05955603357552,316.3267279871695,2.078983954998017,327.7898023194179,2.09494221492184,338.2164877508327,2.108104831237053,347.7516826801358,2.118997576388869,356.5155747746252,2.128034522613732,364.6084029846619,2.135544586299507,372.1142288990984,2.14179109644068,379.1039319937871
1.758766213866813,161.3024385034862,1.810018590886649,190.1749385765815,1.844544940851421,215.1056409231163,1.868046877562916,236.4704293949945,1.886837550924757,255.9287670577157,1.902546209800026,273.857300074045,1.916108948722956,290.5263720733068,1.933120173915631,304.2083832547443,1.951924351031555,314.8688855184392,1.967503687753071,324.5376240941509,1.980465218778958,333.357393601913,1.991286019954831,341.4460699811917,2.00034460529845,348.9015002689944,2.007943812171657,355.805358972759,2.014327764179746,362.2261986922686
1.652263800903392,155.2927179777123,1.699966472400347,183.0627731071451,1.732628943529797,207.078291130539,1.755289055213519,227.6632340739573,1.773607753068166,246.3218453310248,1.789078056008257,263.4391043771729,1.80255769419132,279.2923524419252,1.81914325212877,292.1467565552244,1.837312294294377,302.0029623057519,1.852482915657901,310.9129532885086,1.865202813783045,319.0176325588581,1.87590531674555,326.4326824362868,1.884936558561062,333.2536066325681,1.892575313128834,339.5596913826951,1.89904775089113,345.4171267803157
1.556047614250502,149.2139778483654,1.600600555340695,175.8689502145227,1.631557666614409,198.9725354484311,1.653423695340888,218.7982490275328,1.671266094728645,236.6868628950242,1.686463517972883,253.028337086661,1.699807742343253,268.1050722997242,1.715946643013627,280.1518039198235,1.733479629196263,289.2025185037398,1.748222546905131,297.3532960354713,1.760670724543725,304.7433642069241,1.771218369959999,311.4863357721003,1.78018229500479,317.6754271800985,1.787819214365368,323.3875438912264,1.794338641812745,328.686487482468
1.46867732338707,143.0944351942716,1.510443162059964,168.6233039226465,1.53985236726281,190.8161262120725,1.56098120062949,209.8988586540345,1.578358535166479,227.0431477691766,1.593267043858209,242.6404374910297,1.606443141662871,256.9761033531332,1.622127819033335,268.2337965921529,1.639032110442544,276.4790831548795,1.653337293455896,283.8713280788297,1.665492606681262,290.5482760204547,1.675857400297815,296.6215755463991,1.684722048389858,302.1821984088433,1.692323148313486,307.3046681924253,1.698854853581063,312.0503677510271
1.388964673887733,136.9626584491209,1.428267927378571,161.3565468980472,1.456280648026267,182.6380872385519,1.476733784320284,200.9897556155564,1.493667740829709,217.411196122785,1.508284619445493,232.291810432763,1.521274474045506,245.9177762497666,1.536507328942024,256.40401741189,1.552796578039176,263.8459707075872,1.566661184738435,270.4823658016623,1.578509913608988,276.4496066349423,1.588671142300072,281.8574411919947,1.597411489473591,286.7946058555135,1.604949281253838,291.3332162414733,1.611464574767384,295.5321888304937
1.315923092665253,130.8471371485605,1.353051171562572,154.099867505841,1.379809607415104,174.4684563090005,1.399649798758253,192.0969044451687,1.41616864446861,207.812830785968,1.430500526690525,222.0001556108084,1.443296744591877,234.9436617797995,1.458087408581217,244.6753226284221,1.473779860920472,251.318854996392,1.487206667979316,257.2049425250634,1.498741116137307,262.4687167427102,1.508684125908214,267.21802616443,1.517281030246546,271.539330539439,1.524733615642256,275.5022722549804,1.531209052915864,279.1632250074278
1.248728329050106,124.7758158777946,1.283933645974213,146.884456387269,1.309568904826379,166.3379226125135,1.328857722601975,183.247380670217,1.344993386028384,198.2712273060779,1.359053210329379,211.7846615133701,1.371656121453072,224.0689160026322,1.386019313352814,233.0625501882164,1.401136415407193,238.9161492388378,1.414132483200673,244.0611435246402,1.425349751643482,248.6313651326498,1.435064848356903,252.7326842097474,1.443504078642831,256.4491780659129,1.450854298294295,259.8479005978789,1.457270935770756,262.9825693147028
1.186687521322658,118.775619061198,1.220190223190706,139.7409875485985,1.244821412047801,158.2773778373496,1.263617535477592,174.469094751354,1.27940343022023,188.8108094286177,1.293208113003363,201.6660602792381,1.305623445998622,213.3104812935454,1.319577302283971,221.5827622405935,1.334142587113463,226.6591751891241,1.346718156968067,231.0766790015971,1.357619104129584,234.9676662321067,1.367100599688899,238.4358563818911,1.375371975061642,241.562764395125,1.382606640173876,244.4126838773628,1.388949352848364,247.0365215286461
1.129214748834444,112.8719937427575,1.161205734063441,132.6990828744623,1.184939733888558,150.3174058302033,1.203297803770117,165.7904169582477,1.218767233495234,179.4570222742862,1.232335902128789,191.6665454112373,1.244572984713838,202.6871401292627,1.258137763671943,210.2553155779064,1.272175971227728,214.5721139999993,1.284343568613552,218.2806875600671,1.294931945212414,221.5117231736934,1.304177348485862,224.3665159091732,1.312273995812291,226.9237600219285,1.319383214317502,229.2447590265646,1.325640088555436,231.3774133969174
1.075811610354729,107.0884952603113,1.106455601537967,125.7867900983976,1.129387312122347,142.4877399894677,1.147357222146567,157.2397251519126,1.162542240566715,170.2359975534044,1.175894905869995,181.8095598557428,1.187965276801566,192.2194232379139,1.201162356368414,199.1017598210671,1.214698744506633,202.6817415530935,1.226472455593242,205.7052778100216,1.23675419220455,208.3009509391755,1.245763531588049,210.567254484108,1.25368125449308,212.5797271229284,1.260657850808258,214.3963986252091,1.266819654970732,216.0619324053999
1.026051719700996,101.4464363126114,1.055490243926329,119.0301025695869,1.077703137288907,134.8167193458966,1.095329658937622,148.8449018581127,1.110260284632301,161.1741306957787,1.123416859309359,172.1194676676959,1.135333205409049,181.9293790689945,1.148184312440655,188.1455699514538,1.161244120382029,191.0169620717154,1.172639010532578,193.3848318362301,1.182621633433857,195.3751259096128,1.191396893096828,197.0830613716574,1.199133640339829,198.5806183139238,1.20597266102898,199.9222251581533,1.212032389797322,201.1490522332097
0.97956826929333,95.96461412445348,1.007922457489935,112.4525450439974,1.029489319742134,127.3307734918113,1.046811976039421,140.6328096088832,1.06151568163976,152.2975944052772,1.07449527080373,162.6211281159764,1.086270621833828,171.8402174873405,1.098797244809201,177.4117273819739,1.111405278164175,179.6081653288009,1.12243692544069,181.3551102740178,1.132129078125163,182.7752190050521,1.140673729651095,183.9598725586816,1.14822914860837,184.9770363973086,1.154927443307166,185.8771813661505,1.160879928112815,186.6977179553012
0.936044007046281,90.65912402623898,0.9634171652945409,106.07484386089,0.9844009397471294,120.0539633425408,1.001454059464693,132.6287740568419,1.015955470235028,143.6318164377658,1.028775874878216,153.3393962090547,1.040423003133251,161.9758468473011,1.052645951032896,166.9261717802886,1.064826264326393,168.4864438506194,1.075510386299618,169.6522130438689,1.084921437577343,170.5420870485537,1.093240050648312,171.2429874697901,1.100615112248099,171.8183771932598,1.107170978747481,172.3144044499423,1.113012555517043,172.7644600151291
0.8952031196150474,85.54326149757246,0.9216830534448395,99.91469302589545,0.9421377232655863,113.0075996049332,0.9589506211906077,124.8561027822075,0.973271370692247,135.2009509601739,0.9859487563823878,144.2985776739858,0.9974797383517316,152.3603295582806,1.009418816357659,156.7151535634047,1.02119447441983,157.6827160226882,1.031546631247191,158.3114606910161,1.040686354586921,158.7151086591126,1.048784273091469,158.9754624704858,1.055980956314117,159.150988459507,1.062393839616713,159.2831612109451,1.068122065267904,159.4011179841206
0.8568046276975146,80.62750915054171,0.8824657185861029,93.98662069261752,0.9024371867874431,106.2099544158936,0.9190344276169155,117.3356641867943,0.9331931286728995,127.0273724378375,0.9457418209366887,135.5218688619224,0.9571677264926475,143.0172861794303,0.9688415049791327,146.80452343805,0.9802344085826714,147.2268076825216,0.9902697690098186,147.3662672046204,0.9991480810139045,147.3308550560862,1.007031153645616,147.196591479711,1.014052179791834,147.0164749570601,1.020322416455161,146.8269932619441,1.025935826541824,146.6528413740285
0.8206369855913151,75.91960063630079,0.8455420300016283,88.30195400108354,0.8650689690851369,99.67607460782781,0.8814706825545292,110.0855457758685,0.8954829805536947,119.1312185874176,0.9079153559634282,127.0308124833099,0.9192460370064512,133.9692812790918,0.9306716946876722,137.2189996416732,0.941702458688026,137.1465475888509,0.9514356183609736,136.8470751262155,0.9600623668008649,136.4218818154013,0.9677367234853054,135.9405740881667,0.9745853323610635,135.4502630855503,0.9807139330285013,134.9821971928016,0.9862118341561471,134.5565022276034
0.786513643878443,71.42465025028277,0.8107154714378171,82.86887471432227,0.8298301256617006,93.41769815102604,0.8460523487806857,103.1208049936488,0.859931031705601,111.530004725923,0.8722574799718081,118.8447983283401,0.8835014357835923,125.2372252336692,0.8946946613281472,127.9814549254126,0.9053825356397514,127.4669304850501,0.9148273790833231,126.7804174530556,0.9232121727980817,126.0157152320701,0.9306840400450177,125.2354518951661,0.9373638018170887,124.4805105935164,0.9433522662517054,123.7767277710673,0.9487345580827536,123.1396081278738
0.7542693856781303,67.14533511885173,0.7778122761017281,77.69255391872737,0.7965412069432842,87.44326911210956,0.8125962358616006,96.4533192070168,0.8263513814729222,104.2383262494029,0.8385803190813623,110.980634303406,0.8497446200698753,116.8398245630294,0.860719559291245,119.1122634478515,0.8710823845957053,118.2093953174078,0.8802519836474072,117.1881589315679,0.8884040579651492,116.1340880762658,0.8956796075427561,115.1023670784286,0.9021942652520037,114.1274117980207,0.9080444253325698,113.2295685656977,0.9133114480319107,112.4197519420387
0.723757286915759,63.08211617070617,0.7466782061833197,72.77535134857489,0.765042976868363,81.75804139407903,0.7809397161266034,90.09173502735393,0.7945788616407662,97.26765954077776,0.8067167819035393,103.4522075683761,0.8178070371342878,108.7931093705143,0.8285762752059493,110.6287426848725,0.8386304665354976,109.3912561423771,0.8475370091120871,108.0869532456157,0.8554651214500752,106.7924566454187,0.862550347723217,105.5551671740993,0.8689036863533451,104.4029115195291,0.8746175733644579,103.3505701661235,0.8797699771573856,102.4045837786486
